{
  "aggregation_name": "10",
  "parts": {
    "0": {
      "parent": null,
      "name": "L",
      "transform": {
        "M00": 0.999848068,
        "M01": -0.011194882,
        "M02": -0.01338889,
        "M03": -0.00570619,
        "M10": 0.0174524449,
        "M11": 0.6413532,
        "M12": 0.7670475,
        "M13": 0.3269068,
        "M20": -4.65661454E-10,
        "M21": 0.767164,
        "M22": -0.64145124,
        "M23": 1.50662088,
        "M30": 0.0,
        "M31": 0.0,
        "M32": 0.0,
        "M33": 1.0
      },
      "active_connections": [
        0,
        1,
        3,
        6,
        7,
        8,
        9,
        10,
        11
      ],
      "children": [
        1,
        2,
        4
      ],
      "is_constrained": false,
      "parentCon": null,
      "childCons": [
        6,
        10,
        6
      ]
    },
    "1": {
      "parent": 0,
      "name": "L",
      "transform": {
        "M00": -0.0111950636,
        "M01": -0.99984777,
        "M02": -0.01338917,
        "M03": -0.03078028,
        "M10": 0.6413532,
        "M11": -0.0174527168,
        "M12": 0.7670473,
        "M13": 0.330934167,
        "M20": 0.76716423,
        "M21": 0.0,
        "M22": -0.6414509,
        "M23": 1.49637043,
        "M30": 0.0,
        "M31": 0.0,
        "M32": 0.0,
        "M33": 1.0
      },
      "active_connections": [
        0,
        1,
        2,
        3,
        4,
        7,
        8,
        9,
        10,
        11
      ],
      "children": [
        5
      ],
      "is_constrained": false,
      "parentCon": 2,
      "childCons": [
        6
      ]
    },
    "2": {
      "parent": 0,
      "name": "L",
      "transform": {
        "M00": -0.0111945868,
        "M01": -0.9998477,
        "M02": -0.0133897364,
        "M03": 0.008877807,
        "M10": 0.6413535,
        "M11": -0.0174528956,
        "M12": 0.767047,
        "M13": 0.350872964,
        "M20": 0.7671638,
        "M21": 7.748604E-07,
        "M22": -0.64145124,
        "M23": 1.51938546,
        "M30": 0.0,
        "M31": 0.0,
        "M32": 0.0,
        "M33": 1.0
      },
      "active_connections": [
        1,
        2,
        3,
        4,
        6,
        7,
        8,
        9,
        11
      ],
      "children": [
        3,
        7
      ],
      "is_constrained": false,
      "parentCon": 5,
      "childCons": [
        11,
        11
      ]
    },
    "3": {
      "parent": 2,
      "name": "L",
      "transform": {
        "M00": -0.99984777,
        "M01": 0.0111946613,
        "M02": -0.0133896945,
        "M03": -0.016532138,
        "M10": -0.017452918,
        "M11": -0.6413538,
        "M12": 0.76704675,
        "M13": 0.374140948,
        "M20": 7.026829E-07,
        "M21": -0.767163634,
        "M22": -0.641451538,
        "M23": 1.53215,
        "M30": 0.0,
        "M31": 0.0,
        "M32": 0.0,
        "M33": 1.0
      },
      "active_connections": [
        0,
        1,
        2,
        3,
        4,
        5,
        6,
        7,
        8,
        9,
        10
      ],
      "children": [],
      "is_constrained": false,
      "parentCon": 5,
      "childCons": []
    },
    "4": {
      "parent": 0,
      "name": "L",
      "transform": {
        "M00": -0.0111950636,
        "M01": -0.9998478,
        "M02": -0.013389647,
        "M03": -0.031004183,
        "M10": 0.6413533,
        "M11": -0.0174530745,
        "M12": 0.767047167,
        "M13": 0.343761355,
        "M20": 0.7671642,
        "M21": 2.98023224E-07,
        "M22": -0.641451,
        "M23": 1.51171374,
        "M30": 0.0,
        "M31": 0.0,
        "M32": 0.0,
        "M33": 1.0
      },
      "active_connections": [
        0,
        1,
        2,
        3,
        4,
        5,
        7,
        8,
        9,
        10,
        11
      ],
      "children": [],
      "is_constrained": false,
      "parentCon": 4,
      "childCons": []
    },
    "5": {
      "parent": 1,
      "name": "L",
      "transform": {
        "M00": -0.99984777,
        "M01": 0.0111949164,
        "M02": -0.0133896982,
        "M03": -0.0556304939,
        "M10": -0.0174530856,
        "M11": -0.641353667,
        "M12": 0.767046869,
        "M13": 0.322134465,
        "M20": 5.066395E-07,
        "M21": -0.767163754,
        "M22": -0.6414514,
        "M23": 1.4707768,
        "M30": 0.0,
        "M31": 0.0,
        "M32": 0.0,
        "M33": 1.0
      },
      "active_connections": [
        0,
        2,
        3,
        4,
        5,
        7,
        8,
        9,
        10,
        11
      ],
      "children": [
        6
      ],
      "is_constrained": false,
      "parentCon": 5,
      "childCons": [
        6
      ]
    },
    "6": {
      "parent": 5,
      "name": "L",
      "transform": {
        "M00": 0.0111945271,
        "M01": 0.9998477,
        "M02": -0.013389796,
        "M03": -0.0309361238,
        "M10": -0.6413537,
        "M11": 0.0174528956,
        "M12": 0.7670468,
        "M13": 0.339861631,
        "M20": -0.7671637,
        "M21": -8.34465E-07,
        "M22": -0.6414514,
        "M23": 1.47586966,
        "M30": 0.0,
        "M31": 0.0,
        "M32": 0.0,
        "M33": 1.0
      },
      "active_connections": [
        0,
        1,
        2,
        3,
        4,
        5,
        7,
        8,
        9,
        10,
        11
      ],
      "children": [],
      "is_constrained": false,
      "parentCon": 1,
      "childCons": []
    },
    "7": {
      "parent": 2,
      "name": "L",
      "transform": {
        "M00": -0.99984777,
        "M01": 0.0111945542,
        "M02": -0.0133897243,
        "M03": 0.0334602445,
        "M10": -0.0174528733,
        "M11": -0.6413539,
        "M12": 0.7670467,
        "M13": 0.3750136,
        "M20": 8.05594E-07,
        "M21": -0.767163634,
        "M22": -0.641451538,
        "M23": 1.53214991,
        "M30": 0.0,
        "M31": 0.0,
        "M32": 0.0,
        "M33": 1.0
      },
      "active_connections": [
        0,
        1,
        2,
        3,
        4,
        5,
        6,
        7,
        8,
        9,
        10
      ],
      "children": [],
      "is_constrained": false,
      "parentCon": 0,
      "childCons": []
    }
  }
}