{
  "aggregation_name": "10",
  "parts": {
    "0": {
      "parent": null,
      "name": "STICK",
      "transform": {
        "M00": 0.965472639,
        "M01": 0.105956696,
        "M02": 0.2379827,
        "M03": -0.330329567,
        "M10": -0.260504544,
        "M11": 0.392692924,
        "M12": 0.882003,
        "M13": 2.20993328,
        "M20": 3.7252903E-09,
        "M21": 0.913545251,
        "M22": -0.406736523,
        "M23": 1.21435118,
        "M30": 0.0,
        "M31": 0.0,
        "M32": 0.0,
        "M33": 1.0
      },
      "active_connections": [
        1,
        2,
        3,
        5,
        6,
        7,
        8,
        9
      ],
      "children": [
        1,
        4
      ],
      "is_constrained": false,
      "parentCon": null,
      "childCons": [
        3,
        5
      ]
    },
    "1": {
      "parent": 0,
      "name": "STICK",
      "transform": {
        "M00": -0.9654726,
        "M01": 0.105956659,
        "M02": -0.237983152,
        "M03": -0.236437231,
        "M10": 0.260504872,
        "M11": 0.392693,
        "M12": -0.882003069,
        "M13": 2.27001119,
        "M20": -2.27242708E-07,
        "M21": 0.9135455,
        "M22": 0.406736523,
        "M23": 1.50602722,
        "M30": 0.0,
        "M31": 0.0,
        "M32": 0.0,
        "M33": 1.0
      },
      "active_connections": [
        0,
        1,
        4,
        5,
        7,
        8,
        9
      ],
      "children": [
        2,
        3
      ],
      "is_constrained": false,
      "parentCon": 4,
      "childCons": [
        4,
        4
      ]
    },
    "2": {
      "parent": 1,
      "name": "STICK",
      "transform": {
        "M00": -0.276636958,
        "M01": 0.10595686,
        "M02": -0.9551153,
        "M03": -0.262345046,
        "M10": 0.8940896,
        "M11": 0.392692864,
        "M12": -0.215397835,
        "M13": 2.17399263,
        "M20": -0.352244079,
        "M21": 0.913545549,
        "M22": 0.203368247,
        "M23": 1.49557447,
        "M30": 0.0,
        "M31": 0.0,
        "M32": 0.0,
        "M33": 1.0
      },
      "active_connections": [
        0,
        1,
        2,
        3,
        5,
        6,
        7,
        8,
        9
      ],
      "children": [],
      "is_constrained": false,
      "parentCon": 2,
      "childCons": []
    },
    "3": {
      "parent": 1,
      "name": "STICK",
      "transform": {
        "M00": -0.96547246,
        "M01": -0.105956733,
        "M02": 0.237983286,
        "M03": -0.137828261,
        "M10": 0.26050505,
        "M11": -0.392692775,
        "M12": 0.8820031,
        "M13": 2.347569,
        "M20": -1.56462193E-07,
        "M21": -0.9135456,
        "M22": -0.406736344,
        "M23": 1.6254468,
        "M30": 0.0,
        "M31": 0.0,
        "M32": 0.0,
        "M33": 1.0
      },
      "active_connections": [
        0,
        1,
        2,
        3,
        5,
        6,
        7,
        8,
        9
      ],
      "children": [],
      "is_constrained": false,
      "parentCon": 6,
      "childCons": []
    },
    "4": {
      "parent": 0,
      "name": "STICK",
      "transform": {
        "M00": 0.688835,
        "M01": 0.105956838,
        "M02": -0.7171328,
        "M03": -0.304421842,
        "M10": 0.6335851,
        "M11": 0.39269343,
        "M12": 0.666604757,
        "M13": 2.30595183,
        "M20": -0.352244675,
        "M21": 0.9135453,
        "M22": -0.203368336,
        "M23": 1.22480392,
        "M30": 0.0,
        "M31": 0.0,
        "M32": 0.0,
        "M33": 1.0
      },
      "active_connections": [
        0,
        1,
        2,
        3,
        6,
        7,
        8,
        9
      ],
      "children": [
        5
      ],
      "is_constrained": false,
      "parentCon": 0,
      "childCons": [
        6
      ]
    },
    "5": {
      "parent": 4,
      "name": "STICK",
      "transform": {
        "M00": 0.6888349,
        "M01": -0.105956815,
        "M02": 0.717133,
        "M03": -0.205812931,
        "M10": 0.6335854,
        "M11": -0.392692953,
        "M12": -0.666604638,
        "M13": 2.38351,
        "M20": -0.352244377,
        "M21": -0.9135455,
        "M22": 0.203367919,
        "M23": 1.3442235,
        "M30": 0.0,
        "M31": 0.0,
        "M32": 0.0,
        "M33": 1.0
      },
      "active_connections": [
        0,
        1,
        2,
        4,
        5,
        7,
        8,
        9
      ],
      "children": [
        6
      ],
      "is_constrained": false,
      "parentCon": 4,
      "childCons": [
        7
      ]
    },
    "6": {
      "parent": 5,
      "name": "STICK",
      "transform": {
        "M00": -0.276634932,
        "M01": -0.105956838,
        "M02": 0.955116,
        "M03": -0.153416008,
        "M10": 0.8940901,
        "M11": -0.392693043,
        "M12": 0.215395629,
        "M13": 2.57770181,
        "M20": -0.352244675,
        "M21": -0.9135457,
        "M22": -0.203367487,
        "M23": 1.58306265,
        "M30": 0.0,
        "M31": 0.0,
        "M32": 0.0,
        "M33": 1.0
      },
      "active_connections": [
        0,
        1,
        2,
        3,
        4,
        5,
        6,
        9
      ],
      "children": [
        7
      ],
      "is_constrained": false,
      "parentCon": 3,
      "childCons": [
        15
      ]
    },
    "7": {
      "parent": 6,
      "name": "BRANCH",
      "transform": {
        "M00": -0.22391367,
        "M01": -0.711435854,
        "M02": -0.6661244,
        "M03": -0.0772528052,
        "M10": -0.829857051,
        "M11": 0.497584969,
        "M12": -0.2524805,
        "M13": 2.667018,
        "M20": -0.5110772,
        "M21": -0.4962542,
        "M22": 0.7018061,
        "M23": 1.93286443,
        "M30": 0.0,
        "M31": 0.0,
        "M32": 0.0,
        "M33": 1.0
      },
      "active_connections": [
        0,
        1,
        2,
        3,
        4,
        5,
        6,
        7,
        8,
        9,
        10,
        11,
        12,
        13,
        14,
        16,
        17
      ],
      "children": [],
      "is_constrained": false,
      "parentCon": 8,
      "childCons": []
    }
  }
}