{
  "aggregation_name": "10",
  "parts": {
    "0": {
      "parent": null,
      "name": "STICK",
      "transform": {
        "M00": 0.789084,
        "M01": 0.279834569,
        "M02": 0.5468446,
        "M03": -0.463841856,
        "M10": -0.61428535,
        "M11": 0.3594633,
        "M12": 0.7024526,
        "M13": 2.9366293,
        "M20": 0.0,
        "M21": 0.8902124,
        "M22": -0.455545157,
        "M23": 1.16187847,
        "M30": 0.0,
        "M31": 0.0,
        "M32": 0.0,
        "M33": 1.0
      },
      "active_connections": [
        0,
        1,
        2,
        3,
        5,
        6,
        7,
        8
      ],
      "children": [
        1,
        2
      ],
      "is_constrained": false,
      "parentCon": null,
      "childCons": [
        16,
        7
      ]
    },
    "1": {
      "parent": 0,
      "name": "BRANCH",
      "transform": {
        "M00": -0.7890843,
        "M01": -0.608848155,
        "M02": -0.08154881,
        "M03": -0.328133523,
        "M10": 0.6142852,
        "M11": -0.782099962,
        "M12": -0.104754806,
        "M13": 3.11095452,
        "M20": -3.57627869E-07,
        "M21": 0.132754385,
        "M22": -0.991149068,
        "M23": 1.430546,
        "M30": 0.0,
        "M31": 0.0,
        "M32": 0.0,
        "M33": 1.0
      },
      "active_connections": [
        0,
        1,
        2,
        3,
        4,
        5,
        6,
        7,
        8,
        9,
        10,
        11,
        12,
        13,
        14,
        15,
        17
      ],
      "children": [],
      "is_constrained": false,
      "parentCon": 9,
      "childCons": []
    },
    "2": {
      "parent": 0,
      "name": "STICK",
      "transform": {
        "M00": -0.0790394545,
        "M01": 0.279834569,
        "M02": 0.956789136,
        "M03": -0.4283397,
        "M10": -0.9154844,
        "M11": 0.359463334,
        "M12": -0.1807605,
        "M13": 2.86014056,
        "M20": 0.394513667,
        "M21": 0.8902127,
        "M22": -0.2277724,
        "M23": 1.18160427,
        "M30": 0.0,
        "M31": 0.0,
        "M32": 0.0,
        "M33": 1.0
      },
      "active_connections": [
        0,
        1,
        2,
        3,
        4,
        5,
        6,
        8,
        9
      ],
      "children": [],
      "is_constrained": false,
      "parentCon": 4,
      "childCons": []
    }
  }
}