{"geometry": {"faces": [[7, 0, 4], [7, 6, 1], [5, 7, 4], [7, 5, 6], [5, 3, 6], [2, 5, 4], [12, 8, 13], [12, 15, 9], [14, 12, 13], [12, 14, 15], [14, 11, 15], [10, 14, 13], [20, 16, 21], [20, 23, 17], [22, 20, 21], [20, 22, 23], [22, 19, 23], [18, 22, 21], [29, 24, 30], [29, 31, 25], [28, 29, 30], [29, 28, 31], [28, 27, 31], [26, 28, 30], [39, 36, 32], [39, 33, 38], [37, 36, 39], [39, 38, 37], [37, 38, 35], [34, 36, 37], [47, 40, 44], [47, 46, 41], [45, 47, 44], [47, 45, 46], [45, 43, 46], [42, 45, 44]], "vertices": [[0.0, 0.0, 0.0], [0.0, 0.0, 10.0], [10.0, 0.0, 0.0], [10.0, 0.0, 10.0], [5.0, 0.0, 0.0], [10.0, 0.0, 5.0], [5.0, 0.0, 10.0], [0.0, 0.0, 5.0], [10.0, 0.0, 0.0], [10.0, 0.0, 10.0], [10.0, 10.0, 0.0], [10.0, 10.0, 10.0], [10.0, 0.0, 5.0], [10.0, 5.0, 0.0], [10.0, 10.0, 5.0], [10.0, 5.0, 10.0], [10.0, 10.0, 0.0], [10.0, 10.0, 10.0], [0.0, 10.0, 0.0], [0.0, 10.0, 10.0], [10.0, 10.0, 5.0], [5.0, 10.0, 0.0], [0.0, 10.0, 5.0], [5.0, 10.0, 10.0], [0.0, 10.0, 0.0], [0.0, 10.0, 10.0], [0.0, 0.0, 0.0], [0.0, 0.0, 10.0], [0.0, 0.0, 5.0], [0.0, 10.0, 5.0], [0.0, 5.0, 0.0], [0.0, 5.0, 10.0], [0.0, 0.0, 0.0], [0.0, 10.0, 0.0], [10.0, 0.0, 0.0], [10.0, 10.0, 0.0], [5.0, 0.0, 0.0], [10.0, 5.0, 0.0], [5.0, 10.0, 0.0], [0.0, 5.0, 0.0], [0.0, 0.0, 10.0], [0.0, 10.0, 10.0], [10.0, 0.0, 10.0], [10.0, 10.0, 10.0], [5.0, 0.0, 10.0], [10.0, 5.0, 10.0], [5.0, 10.0, 10.0], [0.0, 5.0, 10.0]]}, "connections": [{"id": 0, "part": "PART", "plane": {"xaxis": [1.2246063538223773e-16, 0.0, 1.0], "origin": [5.0, 0.0, 5.0], "yaxis": [-1.0, 0.0, 1.2246063538223773e-16]}, "type": "0"}, {"id": 1, "part": "PART", "plane": {"xaxis": [0.0, 1.0, 0.0], "origin": [10.0, 5.0, 5.0], "yaxis": [0.0, -0.0, 1.0]}, "type": "0"}, {"id": 2, "part": "PART", "plane": {"xaxis": [-1.0, 0.0, -1.8369095307335659e-16], "origin": [5.0, 10.0, 5.0], "yaxis": [-1.8369095307335659e-16, 0.0, 1.0]}, "type": "0"}, {"id": 3, "part": "PART", "plane": {"xaxis": [1.8369095307335659e-16, -1.0, 0.0], "origin": [5.0, 5.0, 0.0], "yaxis": [-1.0, -1.8369095307335659e-16, 0.0]}, "type": "0"}], "name": "PART", "id": null, "active_connections": [0, 1, 2, 3], "dim": 8.6582540378641522, "field": null, "collider": {"multiple": false, "geometry": [{"faces": [[7, 0, 4], [7, 6, 1], [5, 7, 4], [7, 5, 6], [5, 3, 6], [2, 5, 4], [12, 8, 13], [12, 15, 9], [14, 12, 13], [12, 14, 15], [14, 11, 15], [10, 14, 13], [20, 16, 21], [20, 23, 17], [22, 20, 21], [20, 22, 23], [22, 19, 23], [18, 22, 21], [29, 24, 30], [29, 31, 25], [28, 29, 30], [29, 28, 31], [28, 27, 31], [26, 28, 30], [39, 36, 32], [39, 33, 38], [37, 36, 39], [39, 38, 37], [37, 38, 35], [34, 36, 37], [47, 40, 44], [47, 46, 41], [45, 47, 44], [47, 45, 46], [45, 43, 46], [42, 45, 44]], "vertices": [[0.0011547005269676447, 0.0011547005269676447, 0.0011547005269676447], [0.0011547005269676447, 0.0011547005269676447, 9.998845100402832], [9.998845100402832, 0.0011547005269676447, 0.0011547005269676447], [9.998845100402832, 0.0011547005269676447, 9.998845100402832], [5.0, 0.0014142135623842478, 0.0014142135623842478], [9.9985857009887695, 0.0014142135623842478, 5.0], [5.0, 0.0014142135623842478, 9.9985857009887695], [0.0014142135623842478, 0.0014142135623842478, 5.0], [9.998845100402832, 0.0011547005269676447, 0.0011547005269676447], [9.998845100402832, 0.0011547005269676447, 9.998845100402832], [9.998845100402832, 9.998845100402832, 0.0011547005269676447], [9.998845100402832, 9.998845100402832, 9.998845100402832], [9.9985857009887695, 0.0014142135623842478, 5.0], [9.9985857009887695, 5.0, 0.0014142135623842478], [9.9985857009887695, 9.9985857009887695, 5.0], [9.9985857009887695, 5.0, 9.9985857009887695], [9.998845100402832, 9.998845100402832, 0.0011547005269676447], [9.998845100402832, 9.998845100402832, 9.998845100402832], [0.0011547005269676447, 9.998845100402832, 0.0011547005269676447], [0.0011547005269676447, 9.998845100402832, 9.998845100402832], [9.9985857009887695, 9.9985857009887695, 5.0], [5.0, 9.9985857009887695, 0.0014142135623842478], [0.0014142135623842478, 9.9985857009887695, 5.0], [5.0, 9.9985857009887695, 9.9985857009887695], [0.0011547005269676447, 9.998845100402832, 0.0011547005269676447], [0.0011547005269676447, 9.998845100402832, 9.998845100402832], [0.0011547005269676447, 0.0011547005269676447, 0.0011547005269676447], [0.0011547005269676447, 0.0011547005269676447, 9.998845100402832], [0.0014142135623842478, 0.0014142135623842478, 5.0], [0.0014142135623842478, 9.9985857009887695, 5.0], [0.0014142135623842478, 5.0, 0.0014142135623842478], [0.0014142135623842478, 5.0, 9.9985857009887695], [0.0011547005269676447, 0.0011547005269676447, 0.0011547005269676447], [0.0011547005269676447, 9.998845100402832, 0.0011547005269676447], [9.998845100402832, 0.0011547005269676447, 0.0011547005269676447], [9.998845100402832, 9.998845100402832, 0.0011547005269676447], [5.0, 0.0014142135623842478, 0.0014142135623842478], [9.9985857009887695, 5.0, 0.0014142135623842478], [5.0, 9.9985857009887695, 0.0014142135623842478], [0.0014142135623842478, 5.0, 0.0014142135623842478], [0.0011547005269676447, 0.0011547005269676447, 9.998845100402832], [0.0011547005269676447, 9.998845100402832, 9.998845100402832], [9.998845100402832, 0.0011547005269676447, 9.998845100402832], [9.998845100402832, 9.998845100402832, 9.998845100402832], [5.0, 0.0014142135623842478, 9.9985857009887695], [9.9985857009887695, 5.0, 9.9985857009887695], [5.0, 9.9985857009887695, 9.9985857009887695], [0.0014142135623842478, 5.0, 9.9985857009887695]]}], "check_all": false, "connections": [], "valid_connections": []}}