{"parent": 22, "geometry": {"faces": [[7, 0, 4], [7, 6, 1], [5, 7, 4], [7, 5, 6], [5, 3, 6], [2, 5, 4], [12, 8, 13], [12, 15, 9], [14, 12, 13], [12, 14, 15], [14, 11, 15], [10, 14, 13], [20, 16, 21], [20, 23, 17], [22, 20, 21], [20, 22, 23], [22, 19, 23], [18, 22, 21], [29, 24, 30], [29, 31, 25], [28, 29, 30], [29, 28, 31], [28, 27, 31], [26, 28, 30], [39, 36, 32], [39, 33, 38], [37, 36, 39], [39, 38, 37], [37, 38, 35], [34, 36, 37], [47, 40, 44], [47, 46, 41], [45, 47, 44], [47, 45, 46], [45, 43, 46], [42, 45, 44]], "vertices": [[-10.0, 10.0, 20.0], [-10.0, 3.5527136788005009e-15, 20.0], [-7.1054273576010019e-15, 10.0, 20.0], [-1.0658141036401503e-14, 0.0, 20.0], [-5.0, 10.0, 20.0], [-8.8817841970012523e-15, 5.0, 20.0], [-5.0, 1.7763568394002505e-15, 20.0], [-10.0, 5.0, 20.0], [-7.1054273576010019e-15, 10.0, 20.0], [-1.0658141036401503e-14, 0.0, 20.0], [-8.8817841970012523e-15, 10.0, 30.0], [-1.2434497875801753e-14, -3.5527136788005009e-15, 30.0], [-8.8817841970012523e-15, 5.0, 20.0], [-8.8817841970012523e-15, 10.0, 25.0], [-1.0658141036401503e-14, 5.0, 30.0], [-1.2434497875801753e-14, -1.7763568394002505e-15, 25.0], [-8.8817841970012523e-15, 10.0, 30.0], [-1.2434497875801753e-14, -3.5527136788005009e-15, 30.0], [-10.0, 10.0, 30.0], [-10.0, 0.0, 30.0], [-1.0658141036401503e-14, 5.0, 30.0], [-5.0, 10.0, 30.0], [-10.0, 5.0, 30.0], [-5.0, -1.7763568394002505e-15, 30.0], [-10.0, 10.0, 30.0], [-10.0, 0.0, 30.0], [-10.0, 10.0, 20.0], [-10.0, 3.5527136788005009e-15, 20.0], [-10.0, 5.0, 20.0], [-10.0, 5.0, 30.0], [-10.0, 10.0, 25.0], [-10.0, 1.7763568394002505e-15, 25.0], [-10.0, 10.0, 20.0], [-10.0, 10.0, 30.0], [-7.1054273576010019e-15, 10.0, 20.0], [-8.8817841970012523e-15, 10.0, 30.0], [-5.0, 10.0, 20.0], [-8.8817841970012523e-15, 10.0, 25.0], [-5.0, 10.0, 30.0], [-10.0, 10.0, 25.0], [-10.0, 3.5527136788005009e-15, 20.0], [-10.0, 0.0, 30.0], [-1.0658141036401503e-14, 0.0, 20.0], [-1.2434497875801753e-14, -3.5527136788005009e-15, 30.0], [-5.0, 1.7763568394002505e-15, 20.0], [-1.2434497875801753e-14, -1.7763568394002505e-15, 25.0], [-5.0, -1.7763568394002505e-15, 30.0], [-10.0, 1.7763568394002505e-15, 25.0]]}, "connections": [{"id": 0, "part": "PART", "plane": {"xaxis": [-2.449212707644753e-16, -1.0, -3.6738190614671337e-16], "origin": [-5.0000000000000089, 5.0000000000000018, 20.0], "yaxis": [-1.0, 2.4492127076447535e-16, -1.8369095307335654e-16]}, "type": "0"}, {"id": 1, "part": "PART", "plane": {"xaxis": [-1.8369095307335664e-16, -3.6738190614671328e-16, 1.0], "origin": [-1.0658141036401503e-14, 4.9999999999999982, 25.0], "yaxis": [-3.6738190614671303e-16, -1.0, -3.6738190614671333e-16]}, "type": "0"}, {"id": 2, "part": "PART", "plane": {"xaxis": [-1.0, 5.5107285922006977e-16, -1.8369095307335642e-16], "origin": [-5.0000000000000107, 4.9999999999999982, 30.0], "yaxis": [-5.5107285922006967e-16, -1.0, -3.6738190614671342e-16]}, "type": "0"}, {"id": 3, "part": "PART", "plane": {"xaxis": [3.6738190614671323e-16, 3.6738190614671323e-16, -1.0], "origin": [-5.000000000000008, 10.0, 25.0], "yaxis": [-1.0, 3.6738190614671318e-16, -3.6738190614671308e-16]}, "type": "0"}], "name": "PART", "id": 33, "transform": {"M20": 1.8369095307335649e-16, "M21": 1.0, "M22": -3.6738190614671337e-16, "M23": 20.0, "M00": 1.0, "M01": -1.8369095307335664e-16, "M02": -3.6738190614671303e-16, "M03": -10.000000000000007, "M30": 0.0, "M31": 0.0, "M32": 0.0, "M10": -3.6738190614671313e-16, "M11": -3.6738190614671328e-16, "M12": -1.0, "M13": 10.000000000000004, "M33": 1.0}, "active_connections": [], "dim": 5.8889727044388733, "children": [37, 64, 75], "field": null, "collider": {"multiple": false, "geometry": [{"faces": [[7, 0, 4], [7, 6, 1], [5, 7, 4, 2], [7, 5, 3, 6], [12, 8, 13], [12, 15, 9], [15, 12, 13], [15, 13, 10, 14], [14, 11, 15], [20, 16, 21], [20, 23, 17], [23, 20, 21], [23, 21, 18, 22], [22, 19, 23], [29, 24, 30], [29, 31, 25], [31, 29, 30], [31, 30, 26, 28], [28, 27, 31], [39, 36, 32], [39, 33, 38], [37, 34, 36, 39], [39, 38, 37], [37, 38, 35], [47, 40, 44], [47, 46, 41], [45, 47, 44, 42], [47, 45, 46], [45, 43, 46]], "vertices": [[-8.3999996185302734, 8.3999996185302734, 21.600000381469727], [-8.3999996185302734, 1.6000003814697266, 21.600000381469727], [-1.6000003814697266, 8.3999996185302734, 21.600000381469727], [-1.6000003814697266, 1.6000003814697266, 21.600000381469727], [-5.0, 8.3999996185302734, 21.600000381469727], [-1.6000003814697266, 5.0, 21.600000381469727], [-5.0, 1.6000003814697266, 21.600000381469727], [-8.3999996185302734, 5.0, 21.600000381469727], [-1.6000003814697266, 8.3999996185302734, 21.600000381469727], [-1.6000003814697266, 1.6000003814697266, 21.600000381469727], [-1.6000003814697266, 8.3999996185302734, 28.399999618530273], [-1.6000003814697266, 1.6000003814697266, 28.399999618530273], [-1.6000003814697266, 5.0, 21.600000381469727], [-1.6000003814697266, 8.3999996185302734, 25.0], [-1.6000003814697266, 5.0, 28.399999618530273], [-1.6000003814697266, 1.6000003814697266, 25.0], [-1.6000003814697266, 8.3999996185302734, 28.399999618530273], [-1.6000003814697266, 1.6000003814697266, 28.399999618530273], [-8.3999996185302734, 8.3999996185302734, 28.399999618530273], [-8.3999996185302734, 1.6000003814697266, 28.399999618530273], [-1.6000003814697266, 5.0, 28.399999618530273], [-5.0, 8.3999996185302734, 28.399999618530273], [-8.3999996185302734, 5.0, 28.399999618530273], [-5.0, 1.6000003814697266, 28.399999618530273], [-8.3999996185302734, 8.3999996185302734, 28.399999618530273], [-8.3999996185302734, 1.6000003814697266, 28.399999618530273], [-8.3999996185302734, 8.3999996185302734, 21.600000381469727], [-8.3999996185302734, 1.6000003814697266, 21.600000381469727], [-8.3999996185302734, 5.0, 21.600000381469727], [-8.3999996185302734, 5.0, 28.399999618530273], [-8.3999996185302734, 8.3999996185302734, 25.0], [-8.3999996185302734, 1.6000003814697266, 25.0], [-8.3999996185302734, 8.3999996185302734, 21.600000381469727], [-8.3999996185302734, 8.3999996185302734, 28.399999618530273], [-1.6000003814697266, 8.3999996185302734, 21.600000381469727], [-1.6000003814697266, 8.3999996185302734, 28.399999618530273], [-5.0, 8.3999996185302734, 21.600000381469727], [-1.6000003814697266, 8.3999996185302734, 25.0], [-5.0, 8.3999996185302734, 28.399999618530273], [-8.3999996185302734, 8.3999996185302734, 25.0], [-8.3999996185302734, 1.6000003814697266, 21.600000381469727], [-8.3999996185302734, 1.6000003814697266, 28.399999618530273], [-1.6000003814697266, 1.6000003814697266, 21.600000381469727], [-1.6000003814697266, 1.6000003814697266, 28.399999618530273], [-5.0, 1.6000003814697266, 21.600000381469727], [-1.6000003814697266, 1.6000003814697266, 25.0], [-5.0, 1.6000003814697266, 28.399999618530273], [-8.3999996185302734, 1.6000003814697266, 25.0]]}], "check_all": false, "connections": [], "valid_connections": []}}